<?xml version='1.0' encoding='UTF-8'?>
<package installOnlyAtStartup="false" uuid="stretchestriple-da2ff2" version="0.0.0">
 <names>
  <name lang="en_US">Untitled</name>
 </names>
 <supportedLanguages>
  <language>en_US</language>
 </supportedLanguages>
 <descriptionLanguages>
  <language>en_US</language>
 </descriptionLanguages>
 <contents>
  <behaviorContent path="behavior_1">
   <userRequestable/>
   <nature>interactive</nature>
   <permissions/>
  </behaviorContent>
  <dialogContent typeVersion="1.0" topicName="Welcome">
   <topic language="en_US" path="Welcome/Welcome_enu.top"/>
  </dialogContent>
  <dialogContent typeVersion="1.0" topicName="WhatNext">
   <topic language="en_US" path="WhatNext/WhatNext_enu.top"/>
  </dialogContent>
  <dialogContent typeVersion="1.0" topicName="Intro">
   <topic language="en_US" path="Intro/Intro_enu.top"/>
  </dialogContent>
  <dialogContent typeVersion="1.0" topicName="Y">
   <topic language="en_US" path="Y/Y_enu.top"/>
  </dialogContent>
  <dialogContent typeVersion="1.0" topicName="M">
   <topic language="en_US" path="M/M_enu.top"/>
  </dialogContent>
  <dialogContent typeVersion="1.0" topicName="C">
   <topic language="en_US" path="C/C_enu.top"/>
  </dialogContent>
  <dialogContent typeVersion="1.0" topicName="A">
   <topic language="en_US" path="A/A_enu.top"/>
  </dialogContent>
 </contents>
</package>
